ts_ny,yes_bid,yes_ask,yes_bid_depth,yes_ask_depth,no_bid,no_ask,no_bid_depth,no_ask_depth
2026-01-02T19:20:24.135491-05:00,0.13,0.14,9811.13,3995.34,0.86,0.87,3995.34,9811.13
2026-01-02T19:20:25.200193-05:00,0.12,0.13,12644.32,3750.12,0.87,0.88,3750.12,12644.32
2026-01-02T19:20:26.201420-05:00,0.12,0.13,12637.07,3758.43,0.87,0.88,3758.43,12637.07
2026-01-02T19:20:27.237268-05:00,0.11,0.13,15814.84,3780.02,0.87,0.89,3780.02,15814.84
2026-01-02T19:20:28.345286-05:00,0.12,0.13,12030.23,4380.02,0.87,0.88,4380.02,12030.23
2026-01-02T19:20:29.355022-05:00,0.12,0.13,12027.119999999999,4405.08,0.87,0.88,4405.08,12027.119999999999
2026-01-02T19:20:30.397051-05:00,0.11,0.13,16244.98,4398.08,0.87,0.89,4398.08,16244.98
2026-01-02T19:20:31.401875-05:00,0.1,0.13,24280.239999999998,4362.08,0.87,0.9,4362.08,24280.239999999998
2026-01-02T19:20:32.433458-05:00,0.12,0.13,11865.34,4406.97,0.87,0.88,4406.97,11865.34
2026-01-02T19:20:33.450775-05:00,0.12,0.13,11864.199999999999,4377.97,0.87,0.88,4377.97,11864.199999999999
2026-01-02T19:20:34.705133-05:00,0.12,0.13,11952.52,4302.54,0.87,0.88,4302.54,11952.52
2026-01-02T19:20:35.701070-05:00,0.11,0.12,16449.899999999998,3940.52,0.88,0.89,3940.52,16449.899999999998
2026-01-02T19:20:36.742933-05:00,0.11,0.12,16449.899999999998,3940.52,0.88,0.89,3940.52,16449.899999999998
2026-01-02T19:20:37.776237-05:00,0.11,0.12,16449.899999999998,3940.52,0.88,0.89,3940.52,16449.899999999998
2026-01-02T19:20:38.798831-05:00,0.11,0.12,16265.06,3928.32,0.88,0.89,3928.32,16265.06
2026-01-02T19:20:39.796053-05:00,0.11,0.12,16255.07,3978.32,0.88,0.89,3978.32,16255.07
2026-01-02T19:20:40.846947-05:00,0.11,0.12,16255.07,3978.32,0.88,0.89,3978.32,16255.07
2026-01-02T19:20:41.865924-05:00,0.11,0.12,16255.07,3978.32,0.88,0.89,3978.32,16255.07
2026-01-02T19:20:42.962829-05:00,0.11,0.12,16255.07,3978.32,0.88,0.89,3978.32,16255.07
2026-01-02T19:20:43.991619-05:00,0.11,0.12,16176.81,4021.73,0.88,0.89,4021.73,16176.81
2026-01-02T19:20:45.107857-05:00,0.11,0.12,16180.679999999998,3996.73,0.88,0.89,3996.73,16180.679999999998
2026-01-02T19:20:46.107971-05:00,0.11,0.12,16027.98,3962.74,0.88,0.89,3962.74,16027.98
2026-01-02T19:20:47.178670-05:00,0.1,0.12,24331.53,3986.74,0.88,0.9,3986.74,24331.53
2026-01-02T19:20:48.360121-05:00,0.1,0.12,24341.53,3958.61,0.88,0.9,3958.61,24341.53
2026-01-02T19:20:49.377915-05:00,0.1,0.12,24341.53,3958.61,0.88,0.9,3958.61,24341.53
2026-01-02T19:20:50.378062-05:00,0.1,0.12,24341.53,3958.61,0.88,0.9,3958.61,24341.53
2026-01-02T19:20:51.497658-05:00,0.1,0.12,24341.53,3958.61,0.88,0.9,3958.61,24341.53
2026-01-02T19:20:52.510928-05:00,0.1,0.11,24019.01,3682.33,0.89,0.9,3682.33,24019.01
2026-01-02T19:20:53.607918-05:00,0.1,0.11,24019.01,3682.33,0.89,0.9,3682.33,24019.01
2026-01-02T19:20:54.770478-05:00,0.1,0.11,23973.89,3686.06,0.89,0.9,3686.06,23973.89
2026-01-02T19:20:55.840485-05:00,0.1,0.11,23532.97,3669.06,0.89,0.9,3669.06,23532.97
2026-01-02T19:20:56.838352-05:00,0.09,0.1,23367.88,3016.43,0.9,0.91,3016.43,23367.88
2026-01-02T19:20:57.845654-05:00,0.09,0.1,23412.88,2993.5,0.9,0.91,2993.5,23412.88
2026-01-02T19:20:59.077153-05:00,0.09,0.1,23233.88,2988.0,0.9,0.91,2988.0,23233.88
2026-01-02T19:21:00.157840-05:00,0.09,0.1,23194.78,3085.81,0.9,0.91,3085.81,23194.78
2026-01-02T19:21:01.177196-05:00,0.08,0.1,22956.69,3111.0,0.9,0.92,3111.0,22956.69
2026-01-02T19:21:02.212304-05:00,0.08,0.1,23156.86,3151.27,0.9,0.92,3151.27,23156.86
2026-01-02T19:21:03.288216-05:00,0.09,0.1,21889.23,3548.27,0.9,0.91,3548.27,21889.23
2026-01-02T19:21:04.436250-05:00,0.09,0.1,21133.23,3501.27,0.9,0.91,3501.27,21133.23
2026-01-02T19:21:05.437887-05:00,0.09,0.1,20736.23,3442.27,0.9,0.91,3442.27,20736.23
2026-01-02T19:21:06.490432-05:00,0.09,0.1,20536.23,3512.17,0.9,0.91,3512.17,20536.23
2026-01-02T19:21:07.501751-05:00,0.09,0.1,20536.23,3428.17,0.9,0.91,3428.17,20536.23
2026-01-02T19:21:08.503924-05:00,0.09,0.1,20735.19,3397.17,0.9,0.91,3397.17,20735.19
2026-01-02T19:21:09.579758-05:00,0.09,0.1,20743.94,3386.17,0.9,0.91,3386.17,20743.94
2026-01-02T19:21:10.577764-05:00,0.09,0.1,20785.94,3431.17,0.9,0.91,3431.17,20785.94
2026-01-02T19:21:11.580172-05:00,0.1,0.11,20985.32,3637.81,0.89,0.9,3637.81,20985.32
2026-01-02T19:21:12.630643-05:00,0.09,0.11,21052.98,3769.4,0.89,0.91,3769.4,21052.98
2026-01-02T19:21:13.624943-05:00,0.08,0.09,18508.98,2484.36,0.91,0.92,2484.36,18508.98
2026-01-02T19:21:14.619920-05:00,0.08,0.1,18220.54,3177.14,0.9,0.92,3177.14,18220.54
2026-01-02T19:21:15.641465-05:00,0.08,0.1,18193.54,3330.64,0.9,0.92,3330.64,18193.54
2026-01-02T19:21:16.671786-05:00,0.09,0.1,18218.54,3399.37,0.9,0.91,3399.37,18218.54
2026-01-02T19:21:17.729015-05:00,0.09,0.1,18218.54,3399.37,0.9,0.91,3399.37,18218.54
2026-01-02T19:21:18.797084-05:00,0.09,0.1,18427.64,3498.75,0.9,0.91,3498.75,18427.64
2026-01-02T19:21:19.813164-05:00,0.09,0.1,18448.54,3184.5,0.9,0.91,3184.5,18448.54
2026-01-02T19:21:20.937416-05:00,0.09,0.1,18447.440000000002,3306.17,0.9,0.91,3306.17,18447.440000000002
2026-01-02T19:21:21.945238-05:00,0.09,0.1,18447.440000000002,3306.17,0.9,0.91,3306.17,18447.440000000002
2026-01-02T19:21:22.971136-05:00,0.09,0.1,18572.440000000002,3223.87,0.9,0.91,3223.87,18572.440000000002
2026-01-02T19:21:26.289409-05:00,0.09,0.1,18572.440000000002,3223.87,0.9,0.91,3223.87,18572.440000000002
2026-01-02T19:21:27.541545-05:00,0.09,0.1,18900.49,3732.7,0.9,0.91,3732.7,18900.49
2026-01-02T19:21:28.585682-05:00,0.09,0.1,18618.89,3737.1,0.9,0.91,3737.1,18618.89
2026-01-02T19:21:29.584507-05:00,0.09,0.1,18601.04,3746.1,0.9,0.91,3746.1,18601.04
2026-01-02T19:21:31.529752-05:00,0.09,0.1,18601.04,3746.1,0.9,0.91,3746.1,18601.04
2026-01-02T19:21:32.535901-05:00,0.08,0.09,18554.25,3305.93,0.91,0.92,3305.93,18554.25
2026-01-02T19:21:33.532566-05:00,0.08,0.09,18680.94,3358.43,0.91,0.92,3358.43,18680.94
2026-01-02T19:21:34.534846-05:00,0.08,0.09,18680.94,3358.43,0.91,0.92,3358.43,18680.94
2026-01-02T19:21:35.572176-05:00,0.08,0.09,18680.94,3358.43,0.91,0.92,3358.43,18680.94
2026-01-02T19:21:36.641304-05:00,0.08,0.09,18680.94,3358.43,0.91,0.92,3358.43,18680.94
2026-01-02T19:21:37.703103-05:00,0.07,0.09,18512.24,3426.78,0.91,0.93,3426.78,18512.24
2026-01-02T19:21:38.702239-05:00,0.08,0.09,18532.94,3271.28,0.91,0.92,3271.28,18532.94
2026-01-02T19:21:39.699269-05:00,0.07,0.09,18445.24,3276.45,0.91,0.93,3276.45,18445.24
2026-01-02T19:21:40.712025-05:00,0.07,0.09,18069.940000000002,3269.45,0.91,0.93,3269.45,18069.940000000002
2026-01-02T19:21:41.723001-05:00,0.07,0.09,18134.94,3392.16,0.91,0.93,3392.16,18134.94
2026-01-02T19:21:42.729936-05:00,0.07,0.09,18075.38,3311.24,0.91,0.93,3311.24,18075.38
2026-01-02T19:21:43.870120-05:00,0.07,0.09,18089.27,3311.24,0.91,0.93,3311.24,18089.27
2026-01-02T19:21:44.902565-05:00,0.1,0.11,19297.28,3368.03,0.89,0.9,3368.03,19297.28
2026-01-02T19:21:45.924024-05:00,0.1,0.11,19598.510000000002,3042.03,0.89,0.9,3042.03,19598.510000000002
2026-01-02T19:21:46.927470-05:00,0.11,0.12,12652.86,2746.97,0.88,0.89,2768.56,12792.460000000001
2026-01-02T19:21:47.960866-05:00,0.12,0.13,9436.94,2455.16,0.87,0.88,2455.16,9436.94
2026-01-02T19:21:49.032158-05:00,0.12,0.15,10021.22,3589.92,0.85,0.88,3589.92,10021.22
2026-01-02T19:21:50.083318-05:00,0.12,0.14,9951.98,3148.16,0.86,0.88,3148.16,9951.98
2026-01-02T19:21:51.076182-05:00,0.12,0.13,9919.08,2801.05,0.87,0.88,2801.05,9919.08
2026-01-02T19:21:52.169665-05:00,0.12,0.13,9919.08,2801.05,0.87,0.88,2801.05,9919.08
2026-01-02T19:21:53.170225-05:00,0.12,0.13,10017.08,2841.46,0.87,0.88,2841.46,10017.08
2026-01-02T19:21:54.168982-05:00,0.12,0.14,10029.0,3423.76,0.86,0.88,3423.76,10029.0
2026-01-02T19:21:55.189583-05:00,0.12,0.13,9337.32,2893.56,0.87,0.88,2893.56,9337.32
2026-01-02T19:21:56.213734-05:00,0.12,0.14,9221.34,3770.6,0.86,0.88,3770.6,9221.34
2026-01-02T19:21:57.282288-05:00,0.13,0.14,7276.8,3447.11,0.86,0.87,3447.11,7276.8
2026-01-02T19:21:58.365818-05:00,0.13,0.14,7268.150000000001,3581.98,0.86,0.87,3581.98,7268.150000000001
2026-01-02T19:21:59.385044-05:00,0.13,0.14,7226.150000000001,3494.5,0.86,0.87,3494.5,7226.150000000001
2026-01-02T19:22:00.378326-05:00,0.13,0.14,7181.490000000001,3556.0,0.86,0.87,3556.0,7181.490000000001
2026-01-02T19:22:01.379796-05:00,0.12,0.14,9427.47,3555.62,0.86,0.88,3555.62,9427.47
2026-01-02T19:22:02.383923-05:00,0.15,0.16,6495.8,3269.73,0.84,0.85,3269.73,6495.8
2026-01-02T19:22:03.380775-05:00,0.15,0.16,5734.37,3370.38,0.84,0.85,3370.38,5734.37
2026-01-02T19:22:04.398835-05:00,0.15,0.17,5991.87,3866.88,0.83,0.85,3866.88,5991.87
2026-01-02T19:22:05.436441-05:00,0.15,0.17,5993.13,3734.74,0.83,0.85,3734.74,5993.13
2026-01-02T19:22:06.489167-05:00,0.15,0.16,5961.63,3353.88,0.84,0.85,3353.88,5961.63
2026-01-02T19:22:07.482536-05:00,0.15,0.16,6128.66,3340.0,0.84,0.85,3340.0,6128.66
2026-01-02T19:22:08.495257-05:00,0.15,0.16,6095.56,3456.88,0.84,0.85,3456.88,6095.56
2026-01-02T19:22:09.535600-05:00,0.15,0.16,6093.25,3439.88,0.84,0.85,3439.88,6093.25
2026-01-02T19:22:10.549857-05:00,0.14,0.15,6887.87,3006.54,0.85,0.86,3006.54,6887.87
2026-01-02T19:22:11.550673-05:00,0.14,0.15,7423.79,2144.34,0.85,0.86,2144.34,7423.79
2026-01-02T19:22:12.543794-05:00,0.16,0.17,6036.48,2982.01,0.83,0.84,2982.01,6036.48
2026-01-02T19:22:13.550142-05:00,0.18,0.19,4626.1,4448.58,0.81,0.82,4448.58,4626.1
2026-01-02T19:22:14.542195-05:00,0.19,0.2,5131.51,4068.54,0.8,0.81,4068.54,5131.51
2026-01-02T19:22:15.668790-05:00,0.18,0.19,5408.85,3629.11,0.81,0.82,3629.11,5408.85
2026-01-02T19:22:16.685597-05:00,0.17,0.19,6420.92,3629.11,0.81,0.83,3629.11,6420.92
2026-01-02T19:22:17.711377-05:00,0.18,0.2,5478.5199999999995,4382.54,0.8,0.82,4382.54,5478.5199999999995
2026-01-02T19:22:18.744380-05:00,0.18,0.2,5421.35,4341.54,0.8,0.82,4341.54,5421.35
2026-01-02T19:22:19.756411-05:00,0.18,0.2,5320.72,4391.98,0.8,0.82,4391.98,5320.72
2026-01-02T19:22:20.745403-05:00,0.19,0.2,4912.58,4157.98,0.8,0.81,4157.98,4912.58
2026-01-02T19:22:21.745304-05:00,0.19,0.21,5439.86,3649.94,0.79,0.81,3649.94,5439.86
2026-01-02T19:22:22.772822-05:00,0.2,0.21,4416.46,3712.94,0.79,0.8,3712.94,4416.46
2026-01-02T19:22:23.760372-05:00,0.2,0.21,4416.46,3712.94,0.79,0.8,3712.94,4416.46
2026-01-02T19:22:24.767423-05:00,0.23,0.25,4796.07,3516.24,0.75,0.77,3516.24,4796.07
2026-01-02T19:22:25.763404-05:00,0.25,0.26,3045.35,5016.15,0.74,0.75,5016.15,3045.35
2026-01-02T19:22:26.768318-05:00,0.24,0.25,3108.67,4446.59,0.75,0.76,4446.59,3108.67
2026-01-02T19:22:27.776867-05:00,0.24,0.25,2837.03,4337.21,0.75,0.76,4337.21,2837.03
2026-01-02T19:22:28.779799-05:00,0.24,0.25,3209.34,4218.29,0.75,0.76,4218.29,3209.34
2026-01-02T19:22:29.815578-05:00,0.24,0.25,3599.34,3675.61,0.75,0.76,3675.61,3599.34
2026-01-02T19:22:30.823722-05:00,0.24,0.25,3547.19,3665.61,0.75,0.76,3665.61,3547.19
2026-01-02T19:22:31.837857-05:00,0.24,0.25,3869.14,3729.61,0.75,0.76,3729.61,3869.14
2026-01-02T19:22:32.823212-05:00,0.23,0.25,4283.65,3741.41,0.75,0.77,3741.41,4283.65
2026-01-02T19:22:33.850696-05:00,0.23,0.24,4418.67,3441.82,0.76,0.77,3441.82,4418.67
2026-01-02T19:22:34.847575-05:00,0.23,0.24,4355.65,3010.76,0.76,0.77,3010.76,4355.65
2026-01-02T19:22:35.842665-05:00,0.23,0.24,4325.35,3100.55,0.76,0.77,3100.55,4325.35
2026-01-02T19:22:36.844617-05:00,0.24,0.25,3722.43,3639.9,0.75,0.76,3639.9,3722.43
2026-01-02T19:22:37.847943-05:00,0.24,0.25,3674.63,3647.9,0.75,0.76,3647.9,3674.63
2026-01-02T19:22:39.014326-05:00,0.23,0.24,4154.65,3182.4,0.76,0.77,3182.4,4154.65
2026-01-02T19:22:40.042882-05:00,0.2,0.24,4894.17,3249.42,0.76,0.8,3249.42,4894.17
2026-01-02T19:22:41.044394-05:00,0.24,0.25,3182.27,2533.46,0.75,0.76,2533.46,3182.27
2026-01-02T19:22:42.079339-05:00,0.24,0.25,3690.69,2481.72,0.75,0.76,2481.72,3690.69
2026-01-02T19:22:43.124406-05:00,0.24,0.25,4007.85,2951.26,0.75,0.76,2951.26,4007.85
2026-01-02T19:22:44.138188-05:00,0.24,0.25,4007.85,2951.26,0.75,0.76,2951.26,4007.85
2026-01-02T19:22:45.168825-05:00,0.25,0.26,3310.21,3960.58,0.74,0.75,3960.58,3310.21
2026-01-02T19:22:46.197279-05:00,0.25,0.26,3447.19,4002.11,0.74,0.75,4002.11,3447.19
2026-01-02T19:22:47.201113-05:00,0.24,0.26,3855.01,4070.69,0.74,0.76,4070.69,3855.01
2026-01-02T19:22:48.229805-05:00,0.24,0.25,3435.67,3641.9,0.75,0.76,3641.9,3435.67
2026-01-02T19:22:49.255519-05:00,0.24,0.25,3552.67,3586.35,0.75,0.76,3586.35,3552.67
2026-01-02T19:22:50.308045-05:00,0.23,0.26,4086.09,4144.66,0.74,0.77,4144.66,4086.09
2026-01-02T19:22:51.320090-05:00,0.23,0.25,3993.82,3642.38,0.75,0.77,3642.38,3993.82
2026-01-02T19:22:52.329526-05:00,0.23,0.24,3660.43,3901.23,0.76,0.77,3901.23,3660.43
2026-01-02T19:22:53.332184-05:00,0.24,0.25,3391.66,3558.9,0.75,0.76,3558.9,3391.66
2026-01-02T19:22:54.362125-05:00,0.26,0.27,3087.08,4391.92,0.73,0.74,4391.92,3087.08
2026-01-02T19:22:55.361853-05:00,0.26,0.27,2801.64,4569.97,0.73,0.74,4569.97,2801.64
2026-01-02T19:22:56.376001-05:00,0.26,0.27,3079.06,4766.42,0.73,0.74,4766.42,3079.06
2026-01-02T19:22:57.375481-05:00,0.26,0.27,4097.55,4137.69,0.73,0.74,4137.69,4097.55
2026-01-02T19:22:58.391767-05:00,0.27,0.28,3358.54,4609.47,0.72,0.73,4609.47,3358.54
2026-01-02T19:22:59.385259-05:00,0.27,0.28,3453.54,4638.47,0.72,0.73,4638.47,3453.54
2026-01-02T19:23:00.401556-05:00,0.27,0.28,3435.57,4660.47,0.72,0.73,4660.47,3435.57
2026-01-02T19:23:01.404409-05:00,0.27,0.28,3533.2,4788.27,0.72,0.73,4788.27,3533.2
2026-01-02T19:23:02.401809-05:00,0.26,0.29,3407.61,5013.5,0.71,0.74,5013.5,3407.61
2026-01-02T19:23:03.454405-05:00,0.26,0.28,3505.25,4775.97,0.72,0.74,4775.97,3505.25
2026-01-02T19:23:04.458249-05:00,0.26,0.28,3562.25,4802.68,0.72,0.74,4802.68,3562.25
2026-01-02T19:23:05.459747-05:00,0.3,0.31,3314.66,4005.06,0.69,0.7,4005.06,3314.66
2026-01-02T19:23:06.457021-05:00,0.29,0.32,3421.52,4483.2,0.68,0.71,4483.2,3421.52
2026-01-02T19:23:07.448001-05:00,0.29,0.3,3464.07,3557.2400000000002,0.7,0.71,3557.2400000000002,3464.07
2026-01-02T19:23:08.450317-05:00,0.29,0.3,3717.89,3606.2400000000002,0.7,0.71,3606.2400000000002,3717.89
2026-01-02T19:23:09.460726-05:00,0.29,0.3,3780.9,3606.2400000000002,0.7,0.71,3606.2400000000002,3780.9
2026-01-02T19:23:10.460884-05:00,0.29,0.31,3774.06,4163.56,0.69,0.71,4163.56,3774.06
2026-01-02T19:23:11.504229-05:00,0.29,0.32,3786.83,4410.01,0.68,0.71,4410.01,3786.83
2026-01-02T19:23:12.501395-05:00,0.3,0.31,3058.2,4194.51,0.69,0.7,4194.51,3058.2
2026-01-02T19:23:13.590631-05:00,0.31,0.32,3122.7,4142.01,0.68,0.69,4142.01,3122.7
2026-01-02T19:23:14.591337-05:00,0.29,0.32,3783.08,4408.56,0.68,0.71,4408.56,3783.08
2026-01-02T19:23:15.591712-05:00,0.3,0.32,3224.33,4085.7,0.68,0.7,4085.7,3224.33
2026-01-02T19:23:16.697604-05:00,0.3,0.31,3324.63,3853.14,0.69,0.7,3853.14,3324.63
2026-01-02T19:23:17.712146-05:00,0.3,0.31,3472.67,3923.14,0.69,0.7,3923.14,3472.67
2026-01-02T19:23:18.697784-05:00,0.31,0.32,2753.28,4091.79,0.68,0.69,4091.79,2753.28
2026-01-02T19:23:19.714817-05:00,0.31,0.32,2936.13,4250.39,0.68,0.69,4250.39,2936.13
2026-01-02T19:23:20.997540-05:00,0.31,0.32,2956.13,4341.15,0.68,0.69,4341.15,2956.13
2026-01-02T19:23:22.054174-05:00,0.3,0.32,3737.18,4321.3,0.68,0.7,4321.3,3737.18
2026-01-02T19:23:23.043123-05:00,0.31,0.32,3215.25,4351.74,0.68,0.69,4351.74,3215.25
2026-01-02T19:23:24.042724-05:00,0.29,0.32,4048.49,4442.84,0.68,0.71,4442.84,4048.49
2026-01-02T19:23:25.298814-05:00,0.29,0.32,4269.11,4450.84,0.68,0.71,4450.84,4269.11
2026-01-02T19:23:26.299230-05:00,0.3,0.31,3661.21,4068.3,0.69,0.7,4068.3,3661.21
2026-01-02T19:23:27.303880-05:00,0.28,0.31,4644.97,4146.3,0.69,0.72,4146.3,4644.97
2026-01-02T19:23:28.403413-05:00,0.29,0.31,4105.24,4187.03,0.69,0.71,4187.03,4105.24
2026-01-02T19:23:29.446395-05:00,0.29,0.31,4156.63,4194.4,0.69,0.71,4194.4,4156.63
2026-01-02T19:23:30.461051-05:00,0.29,0.31,4236.38,4740.75,0.69,0.71,4740.75,4236.38
2026-01-02T19:23:31.469314-05:00,0.29,0.3,3975.97,4238.59,0.7,0.71,4238.59,3975.97
2026-01-02T19:23:32.670979-05:00,0.29,0.3,3994.83,4163.59,0.7,0.71,4163.59,3994.83
2026-01-02T19:23:33.709822-05:00,0.29,0.3,4009.85,4601.89,0.7,0.71,4601.89,4009.85
2026-01-02T19:23:34.698178-05:00,0.27,0.28,3647.17,3809.6600000000003,0.72,0.73,3809.6600000000003,3647.17
2026-01-02T19:23:35.698872-05:00,0.27,0.29,3842.17,4478.610000000001,0.71,0.73,4478.610000000001,3842.17
2026-01-02T19:23:36.701199-05:00,0.32,0.33,1982.84,5598.12,0.67,0.68,5598.12,1982.84
2026-01-02T19:23:37.792630-05:00,0.31,0.33,2359.67,5598.12,0.67,0.69,5598.12,2359.67
2026-01-02T19:23:38.807751-05:00,0.31,0.32,2758.65,4689.8,0.68,0.69,4689.8,2758.65
2026-01-02T19:23:39.824801-05:00,0.31,0.33,2835.59,4979.15,0.67,0.69,4979.15,2835.59
2026-01-02T19:23:40.825148-05:00,0.31,0.32,2929.31,4766.44,0.68,0.69,4661.49,2819.27
2026-01-02T19:23:41.843278-05:00,0.3,0.31,3270.07,4527.19,0.69,0.7,4527.19,3270.07
2026-01-02T19:23:42.839861-05:00,0.29,0.32,3755.55,5034.97,0.68,0.71,5034.97,3755.55
2026-01-02T19:23:43.838461-05:00,0.3,0.31,3310.88,4637.83,0.69,0.7,4637.83,3310.88
2026-01-02T19:23:44.842769-05:00,0.29,0.31,3682.19,4792.83,0.69,0.71,4792.83,3682.19
2026-01-02T19:23:45.851495-05:00,0.29,0.3,3394.04,4385.43,0.7,0.71,4385.43,3394.04
2026-01-02T19:23:46.839610-05:00,0.29,0.3,3405.63,4415.04,0.7,0.71,4417.95,3400.63
2026-01-02T19:23:47.838684-05:00,0.28,0.3,3792.95,4421.39,0.7,0.72,4421.39,3792.95
2026-01-02T19:23:48.847204-05:00,0.28,0.29,3730.77,3808.91,0.71,0.72,3778.86,3719.92
2026-01-02T19:23:49.844239-05:00,0.28,0.29,3975.51,3988.17,0.71,0.72,3988.17,3975.51
2026-01-02T19:23:50.838432-05:00,0.29,0.3,3701.18,4012.59,0.7,0.71,4027.2400000000002,3739.18
2026-01-02T19:23:51.909675-05:00,0.29,0.3,3654.41,4003.08,0.7,0.71,4003.08,3654.41
2026-01-02T19:23:52.954349-05:00,0.29,0.3,3665.63,4019.41,0.7,0.71,4019.41,3665.63
2026-01-02T19:23:53.952062-05:00,0.29,0.3,3665.63,4019.41,0.7,0.71,4019.41,3665.63
2026-01-02T19:23:54.994140-05:00,0.29,0.3,3665.63,4019.41,0.7,0.71,4019.41,3665.63
2026-01-02T19:23:56.004004-05:00,0.29,0.3,3718.22,4291.46,0.7,0.71,4291.46,3718.22
2026-01-02T19:23:57.040734-05:00,0.29,0.3,3718.22,4291.46,0.7,0.71,4291.46,3718.22
2026-01-02T19:23:58.101057-05:00,0.29,0.3,3718.22,4291.46,0.7,0.71,4291.46,3718.22
2026-01-02T19:23:59.237447-05:00,0.29,0.3,3746.87,4337.55,0.7,0.71,4337.55,3746.87
2026-01-02T19:24:00.239645-05:00,0.28,0.3,4192.97,4350.67,0.7,0.72,4350.67,4192.97
2026-01-02T19:24:01.232701-05:00,0.29,0.3,3674.57,4155.61,0.7,0.71,4155.61,3674.57
2026-01-02T19:24:02.242224-05:00,0.29,0.3,3676.16,4267.76,0.7,0.71,4267.76,3676.16
2026-01-02T19:24:03.249216-05:00,0.29,0.3,3676.16,4267.76,0.7,0.71,4267.76,3676.16
2026-01-02T19:24:04.252083-05:00,0.28,0.3,4052.49,4304.18,0.7,0.72,4304.18,4052.49
2026-01-02T19:24:05.246054-05:00,0.28,0.3,4072.75,4291.7300000000005,0.7,0.72,4291.7300000000005,4072.75
2026-01-02T19:24:06.246973-05:00,0.28,0.3,4072.75,4291.7300000000005,0.7,0.72,4291.7300000000005,4072.75
2026-01-02T19:24:07.347441-05:00,0.28,0.29,3789.16,3875.84,0.71,0.72,3875.84,3789.16
2026-01-02T19:24:08.375514-05:00,0.28,0.29,3789.16,3875.84,0.71,0.72,3875.84,3789.16
2026-01-02T19:24:09.378576-05:00,0.28,0.31,4537.7699999999995,3671.64,0.69,0.72,3671.64,4537.7699999999995
2026-01-02T19:24:10.390041-05:00,0.3,0.31,3637.52,3712.64,0.69,0.7,3712.64,3637.52
2026-01-02T19:24:11.386556-05:00,0.36,0.37,1914.79,2904.07,0.63,0.64,2904.07,1914.79
2026-01-02T19:24:12.435159-05:00,0.38,0.41,2310.1,5008.05,0.59,0.62,5008.05,2310.1
2026-01-02T19:24:13.468803-05:00,0.43,0.44,2266.41,4710.59,0.56,0.57,4710.59,2266.41
2026-01-02T19:24:14.464354-05:00,0.41,0.44,3602.85,4399.96,0.56,0.59,4399.96,3602.85
2026-01-02T19:24:15.465546-05:00,0.46,0.48,3338.61,3967.82,0.52,0.54,3967.82,3338.61
2026-01-02T19:24:16.475586-05:00,0.46,0.48,3659.12,4423.77,0.52,0.54,4423.77,3659.12
2026-01-02T19:24:17.466883-05:00,0.46,0.47,3159.88,4518.47,0.53,0.54,4518.47,3159.88
2026-01-02T19:24:18.463376-05:00,0.45,0.46,3894.46,4074.44,0.54,0.55,4074.44,3894.46
2026-01-02T19:24:19.465536-05:00,0.46,0.48,3914.49,4408.18,0.52,0.54,4408.18,3914.49
2026-01-02T19:24:20.464835-05:00,0.47,0.5,3665.61,4806.97,0.5,0.53,4806.97,3665.61
2026-01-02T19:24:21.467752-05:00,0.47,0.48,3931.64,3594.16,0.52,0.53,3594.16,3931.64
2026-01-02T19:24:22.475916-05:00,0.5,0.52,2873.65,4475.25,0.48,0.5,4475.25,2873.65
2026-01-02T19:24:23.473870-05:00,0.47,0.51,3925.65,4001.98,0.49,0.53,4001.98,3925.65
2026-01-02T19:24:24.464289-05:00,0.5,0.51,3064.37,3489.19,0.49,0.5,3489.19,3064.37
2026-01-02T19:24:25.485631-05:00,0.51,0.52,3325.56,2121.72,0.48,0.49,2121.72,3325.56
2026-01-02T19:24:26.494853-05:00,0.64,0.65,3027.13,860.56,0.35,0.36,860.56,3027.13
2026-01-02T19:24:27.499137-05:00,0.67,0.7,2705.24,1766.32,0.3,0.33,1766.32,2705.24
2026-01-02T19:24:28.494764-05:00,0.74,0.76,2941.69,2566.91,0.24,0.26,2566.91,2941.69
2026-01-02T19:24:29.547782-05:00,0.73,0.77,3431.4,3009.42,0.23,0.27,3009.42,3431.4
2026-01-02T19:24:30.544873-05:00,0.75,0.76,2987.07,2475.88,0.24,0.25,2475.88,2987.07
2026-01-02T19:24:31.582416-05:00,0.78,0.79,2659.28,3847.82,0.21,0.22,3847.82,2659.28
2026-01-02T19:24:32.585371-05:00,0.79,0.8,1926.21,3810.94,0.2,0.21,3810.94,1926.21
2026-01-02T19:24:33.598898-05:00,0.79,0.8,1930.11,3717.8,0.2,0.21,3717.8,1930.11
2026-01-02T19:24:34.591330-05:00,0.78,0.79,2484.53,3404.44,0.21,0.22,3404.44,2484.53
2026-01-02T19:24:35.592509-05:00,0.79,0.8,2828.25,3625.99,0.2,0.21,3625.99,2828.25
2026-01-02T19:24:36.597257-05:00,0.72,0.8,4370.26,3622.34,0.2,0.28,3622.34,4370.26
2026-01-02T19:24:37.589567-05:00,0.78,0.8,3191.41,2910.31,0.2,0.22,2910.31,3191.41
2026-01-02T19:24:38.590150-05:00,0.79,0.8,2820.37,3065.35,0.2,0.21,3065.35,2820.37
2026-01-02T19:24:39.622256-05:00,0.74,0.76,1837.96,1984.62,0.24,0.26,1984.62,1837.96
2026-01-02T19:24:40.667492-05:00,0.74,0.75,2491.8,2888.21,0.25,0.26,2888.21,2491.8
2026-01-02T19:24:41.680634-05:00,0.75,0.76,2025.3,4081.02,0.24,0.25,4081.02,2025.3
2026-01-02T19:24:42.668618-05:00,0.73,0.76,2598.94,3904.17,0.24,0.27,3904.17,2598.94
2026-01-02T19:24:43.680192-05:00,0.74,0.75,2760.26,3831.65,0.25,0.26,3831.65,2760.26
2026-01-02T19:24:44.680306-05:00,0.75,0.76,2676.35,4010.48,0.24,0.25,4010.48,2676.35
2026-01-02T19:24:45.678872-05:00,0.75,0.77,2656.45,4961.73,0.23,0.25,4961.73,2656.45
2026-01-02T19:24:46.678673-05:00,0.73,0.76,3129.33,4158.43,0.24,0.27,4158.43,3129.33
2026-01-02T19:24:47.687369-05:00,0.73,0.75,3202.88,3685.79,0.25,0.27,3685.79,3202.88
2026-01-02T19:24:48.687373-05:00,0.74,0.75,2907.48,3585.9700000000003,0.25,0.26,3585.9700000000003,2907.48
2026-01-02T19:24:49.683875-05:00,0.75,0.76,2746.45,4166.51,0.24,0.25,4166.51,2746.45
2026-01-02T19:24:50.682840-05:00,0.75,0.77,2637.78,4709.12,0.23,0.25,4709.12,2637.78
2026-01-02T19:24:51.682217-05:00,0.74,0.75,3109.99,3879.94,0.25,0.26,3879.94,3109.99
2026-01-02T19:24:52.690510-05:00,0.74,0.76,3064.84,4371.38,0.24,0.26,4371.38,3064.84
2026-01-02T19:24:53.687209-05:00,0.74,0.75,3231.68,4775.24,0.25,0.26,4775.24,3231.68
2026-01-02T19:24:54.684305-05:00,0.74,0.75,3400.46,4738.34,0.25,0.26,4738.34,3400.46
2026-01-02T19:24:55.687660-05:00,0.74,0.75,3110.13,4436.2,0.25,0.26,4436.2,3110.13
2026-01-02T19:24:56.683029-05:00,0.73,0.75,3543.4,4527.4,0.25,0.27,4527.4,3543.4
2026-01-02T19:24:57.682441-05:00,0.74,0.76,3268.88,4155.28,0.24,0.26,4155.28,3268.88
2026-01-02T19:24:58.688267-05:00,0.74,0.76,3282.5,4011.6,0.24,0.26,4011.6,3282.5
2026-01-02T19:24:59.684585-05:00,0.74,0.76,4254.79,4022.36,0.24,0.26,4022.36,4254.79
2026-01-02T19:25:00.682377-05:00,0.77,0.78,3607.4900000000002,4976.0599999999995,0.22,0.23,4976.0599999999995,3607.4900000000002
2026-01-02T19:25:01.685547-05:00,0.78,0.79,3612.79,4645.62,0.21,0.22,4645.62,3612.79
2026-01-02T19:25:02.728202-05:00,0.78,0.79,3906.33,3903.9500000000003,0.21,0.22,3903.9500000000003,3906.33
2026-01-02T19:25:03.771980-05:00,0.78,0.79,3721.2200000000003,4260.91,0.21,0.22,4260.91,3721.2200000000003
2026-01-02T19:25:04.766908-05:00,0.82,0.85,3718.42,10756.57,0.15,0.18,10756.57,3718.42
2026-01-02T19:25:05.761141-05:00,0.82,0.85,4411.95,10823.51,0.15,0.18,10823.51,4411.95
2026-01-02T19:25:06.762302-05:00,0.85,0.86,2679.46,12962.31,0.14,0.15,12962.31,2679.46
2026-01-02T19:25:07.789897-05:00,0.85,0.86,2694.76,12888.46,0.14,0.15,12888.46,2694.76
2026-01-02T19:25:08.799937-05:00,0.84,0.85,3267.09,9243.44,0.15,0.16,9243.44,3267.09
2026-01-02T19:25:09.803199-05:00,0.85,0.86,3595.44,10763.189999999999,0.14,0.15,10763.189999999999,3595.44
2026-01-02T19:25:10.794429-05:00,0.84,0.85,4528.46,8444.41,0.15,0.16,8444.41,4528.46
2026-01-02T19:25:11.794472-05:00,0.84,0.87,4745.43,13011.439999999999,0.13,0.16,13011.439999999999,4745.43
2026-01-02T19:25:12.822870-05:00,0.87,0.88,3057.41,16720.559999999998,0.12,0.13,16720.559999999998,3057.41
2026-01-02T19:25:13.876722-05:00,0.87,0.88,3129.33,15987.19,0.12,0.13,15987.19,3129.33
2026-01-02T19:25:14.924381-05:00,0.84,0.85,4624.26,7873.3,0.15,0.16,7873.3,4624.26
2026-01-02T19:25:15.928133-05:00,0.84,0.86,4609.84,6923.71,0.14,0.16,6923.71,4609.84
2026-01-02T19:25:16.988401-05:00,0.84,0.85,4828.83,7021.69,0.15,0.16,7021.69,4828.83
2026-01-02T19:25:17.996458-05:00,0.84,0.87,4878.83,9622.74,0.13,0.16,9622.74,4878.83
2026-01-02T19:25:19.017001-05:00,0.86,0.87,5204.81,8693.84,0.13,0.14,8693.84,5204.81
2026-01-02T19:25:20.030921-05:00,0.87,0.88,4746.09,11168.779999999999,0.12,0.13,11168.779999999999,4746.09
2026-01-02T19:25:21.059044-05:00,0.88,0.89,3823.93,14746.83,0.11,0.12,14746.83,3823.93
2026-01-02T19:25:22.083607-05:00,0.86,0.89,5356.57,15009.83,0.11,0.14,15009.83,5356.57
2026-01-02T19:25:23.122179-05:00,0.85,0.89,5744.57,14707.46,0.11,0.15,14707.46,5744.57
2026-01-02T19:25:24.122263-05:00,0.85,0.86,4649.4800000000005,7787.2699999999995,0.14,0.15,7787.2699999999995,4649.4800000000005
2026-01-02T19:25:25.172638-05:00,0.78,0.79,3487.54,2839.41,0.21,0.22,2839.41,3487.54
2026-01-02T19:25:26.177146-05:00,0.61,0.66,2432.54,2084.31,0.34,0.39,2084.31,2432.54
2026-01-02T19:25:27.176057-05:00,0.55,0.56,2998.18,2192.84,0.44,0.45,2192.84,2998.18
2026-01-02T19:25:28.172803-05:00,0.54,0.55,1806.93,2579.83,0.45,0.46,2579.83,1806.93
2026-01-02T19:25:29.196633-05:00,0.58,0.59,1463.6599999999999,2694.14,0.41,0.42,2694.14,1463.6599999999999
2026-01-02T19:25:30.185646-05:00,0.56,0.57,1038.6499999999999,2169.4700000000003,0.43,0.44,2169.4700000000003,1038.6499999999999
2026-01-02T19:25:31.200812-05:00,0.5,0.58,3377.42,2538.88,0.42,0.5,2538.88,3377.42
2026-01-02T19:25:32.207240-05:00,0.53,0.54,2096.58,3326.39,0.46,0.47,3326.39,2096.58
2026-01-02T19:25:33.212039-05:00,0.51,0.52,2453.79,2886.39,0.48,0.49,2886.39,2453.79
2026-01-02T19:25:34.269200-05:00,0.51,0.52,2723.89,2980.44,0.48,0.49,2980.44,2723.89
2026-01-02T19:25:35.275141-05:00,0.51,0.52,2687.91,2914.91,0.48,0.49,2914.91,2687.91
2026-01-02T19:25:36.264341-05:00,0.49,0.55,3313.21,3199.0,0.45,0.51,3199.0,3313.21
2026-01-02T19:25:37.530594-05:00,0.52,0.53,2394.02,2507.11,0.47,0.48,2507.11,2394.02
2026-01-02T19:25:38.527472-05:00,0.52,0.53,2469.86,2663.04,0.47,0.48,2663.04,2469.86
2026-01-02T19:25:39.526930-05:00,0.52,0.54,2804.86,2884.0,0.46,0.48,2884.0,2804.86
2026-01-02T19:25:40.543596-05:00,0.52,0.53,3213.68,2336.66,0.47,0.48,2336.66,3213.68
2026-01-02T19:25:41.543584-05:00,0.52,0.53,3228.29,2405.52,0.47,0.48,2405.52,3228.29
2026-01-02T19:25:42.549998-05:00,0.53,0.54,3174.91,1409.83,0.46,0.47,1409.83,3174.91
2026-01-02T19:25:43.543030-05:00,0.52,0.53,3490.18,1132.49,0.47,0.48,1132.49,3490.18
2026-01-02T19:25:44.542261-05:00,0.47,0.48,3320.09,1723.02,0.52,0.53,1723.02,3320.09
2026-01-02T19:25:45.543854-05:00,0.48,0.49,3259.2,1980.12,0.51,0.52,1980.12,3259.2
2026-01-02T19:25:46.542833-05:00,0.47,0.48,2290.57,3038.9,0.52,0.53,3038.9,2290.57
2026-01-02T19:25:47.542903-05:00,0.45,0.46,2877.45,2247.47,0.54,0.55,2247.47,2877.45
2026-01-02T19:25:48.545681-05:00,0.45,0.48,3353.36,3185.3,0.52,0.55,3185.3,3353.36
2026-01-02T19:25:49.556103-05:00,0.46,0.48,2935.72,3042.2999999999997,0.52,0.54,3042.2999999999997,2935.72
2026-01-02T19:25:50.543701-05:00,0.48,0.49,3076.13,3071.75,0.51,0.52,3071.75,3076.13
2026-01-02T19:25:51.577062-05:00,0.44,0.47,3428.1,2335.47,0.53,0.56,2335.47,3428.1
2026-01-02T19:25:52.580781-05:00,0.45,0.46,3340.6,1832.26,0.54,0.55,1832.26,3340.6
2026-01-02T19:25:53.577957-05:00,0.47,0.5,2878.26,2980.7,0.5,0.53,2980.7,2878.26
2026-01-02T19:25:54.574424-05:00,0.48,0.51,3048.11,2011.35,0.49,0.52,2011.35,3048.11
2026-01-02T19:25:55.579750-05:00,0.49,0.53,2620.61,2284.92,0.47,0.51,2284.92,2620.61
2026-01-02T19:25:56.577164-05:00,0.49,0.51,2838.83,2232.02,0.49,0.51,2232.02,2838.83
2026-01-02T19:25:57.585520-05:00,0.5,0.51,2637.71,2193.66,0.49,0.5,2193.66,2637.71
2026-01-02T19:25:58.591132-05:00,0.5,0.52,2702.51,2291.59,0.48,0.5,2291.59,2702.51
2026-01-02T19:25:59.596779-05:00,0.5,0.52,2748.2200000000003,2252.44,0.48,0.5,2252.44,2748.2200000000003
2026-01-02T19:26:00.619587-05:00,0.5,0.52,2751.79,2313.54,0.48,0.5,2313.54,2751.79
2026-01-02T19:26:01.622590-05:00,0.46,0.49,3352.56,2736.7,0.51,0.54,2736.7,3352.56
2026-01-02T19:26:02.638594-05:00,0.44,0.47,3649.5,1887.86,0.53,0.56,1887.86,3649.5
2026-01-02T19:26:03.644625-05:00,0.44,0.47,3864.29,2083.93,0.53,0.56,2083.93,3864.29
2026-01-02T19:26:04.637711-05:00,0.45,0.47,3792.2599999999998,2127.12,0.53,0.55,2127.12,3792.2599999999998
2026-01-02T19:26:05.638654-05:00,0.46,0.48,3391.02,2164.22,0.52,0.54,2164.22,3391.02
2026-01-02T19:26:06.649463-05:00,0.46,0.47,3347.62,2434.45,0.53,0.54,2434.45,3347.62
2026-01-02T19:26:07.640610-05:00,0.33,0.35,3311.15,2287.81,0.65,0.67,2287.81,3311.15
2026-01-02T19:26:08.637818-05:00,0.3,0.32,4405.1,2184.69,0.68,0.7,2184.69,4405.1
2026-01-02T19:26:09.673883-05:00,0.25,0.27,3598.43,2180.38,0.73,0.75,2180.38,3598.43
2026-01-02T19:26:10.678708-05:00,0.25,0.26,3692.78,2245.83,0.74,0.75,2245.83,3692.78
2026-01-02T19:26:11.686855-05:00,0.21,0.22,4412.22,2400.14,0.78,0.79,2400.14,4412.22
2026-01-02T19:26:12.694699-05:00,0.22,0.23,3745.35,1375.08,0.77,0.78,1375.08,3745.35
2026-01-02T19:26:13.695702-05:00,0.19,0.22,4958.42,947.05,0.78,0.81,947.05,4958.42
2026-01-02T19:26:14.683593-05:00,0.2,0.25,4241.2300000000005,2297.16,0.75,0.8,2297.16,4241.2300000000005
2026-01-02T19:26:15.699119-05:00,0.19,0.22,4209.14,1249.25,0.78,0.81,1249.25,4209.14
2026-01-02T19:26:16.727311-05:00,0.19,0.2,4072.19,1149.38,0.8,0.81,1149.38,4072.19
2026-01-02T19:26:17.715798-05:00,0.16,0.2,3037.51,2979.8,0.8,0.84,2979.8,3037.51
2026-01-02T19:26:18.735052-05:00,0.15,0.16,3429.33,2115.39,0.84,0.85,2115.39,3429.33
2026-01-02T19:26:19.731284-05:00,0.15,0.18,3549.35,2953.47,0.82,0.85,2953.47,3549.35
2026-01-02T19:26:20.739776-05:00,0.21,0.22,2159.4700000000003,2573.35,0.78,0.79,2573.35,2159.4700000000003
2026-01-02T19:26:21.744665-05:00,0.2,0.21,2333.4700000000003,2534.1,0.79,0.8,2534.1,2333.4700000000003
2026-01-02T19:26:22.753774-05:00,0.19,0.21,2161.34,2442.85,0.79,0.81,2442.85,2161.34
2026-01-02T19:26:23.785408-05:00,0.18,0.19,2602.02,2129.39,0.81,0.82,2129.39,2602.02
2026-01-02T19:26:24.795588-05:00,0.17,0.2,3134.75,2418.89,0.8,0.83,2418.89,3134.75
2026-01-02T19:26:25.820059-05:00,0.18,0.21,2904.47,2549.83,0.79,0.82,2549.83,2904.47
2026-01-02T19:26:26.824000-05:00,0.17,0.18,3917.17,1995.21,0.82,0.83,1995.21,3917.17
2026-01-02T19:26:27.836245-05:00,0.17,0.19,4179.2699999999995,2031.12,0.81,0.83,2031.12,4179.2699999999995
2026-01-02T19:26:28.862347-05:00,0.16,0.2,4807.15,2396.93,0.8,0.84,2396.93,4807.15
2026-01-02T19:26:29.854860-05:00,0.38,0.41,2469.49,2054.77,0.59,0.61,2054.77,2207.49
2026-01-02T19:26:30.862503-05:00,0.4,0.41,2363.55,2277.62,0.59,0.6,2277.62,2363.55
2026-01-02T19:26:31.855764-05:00,0.4,0.41,2438.58,2606.91,0.59,0.6,2606.91,2438.58
2026-01-02T19:26:32.856740-05:00,0.38,0.39,2352.41,2026.89,0.61,0.62,2026.89,2352.41
2026-01-02T19:26:33.862024-05:00,0.38,0.39,2450.81,2246.94,0.61,0.62,2246.94,2450.81
2026-01-02T19:26:34.911878-05:00,0.36,0.39,2871.36,2479.47,0.61,0.64,2479.47,2871.36
2026-01-02T19:26:35.902053-05:00,0.37,0.38,2139.25,1613.12,0.62,0.63,1613.12,2139.25
2026-01-02T19:26:36.933409-05:00,0.32,0.33,1490.56,2328.64,0.67,0.68,2328.64,1490.56
2026-01-02T19:26:37.949276-05:00,0.32,0.33,1508.51,2409.92,0.67,0.68,2409.92,1508.51
2026-01-02T19:26:38.989185-05:00,0.32,0.33,1963.17,2544.49,0.67,0.68,2544.49,1963.17
2026-01-02T19:26:40.004189-05:00,0.31,0.32,2555.78,2534.86,0.68,0.69,2534.86,2555.78
2026-01-02T19:26:41.009903-05:00,0.31,0.32,2514.35,2721.91,0.68,0.69,2721.91,2514.35
2026-01-02T19:26:42.046952-05:00,0.3,0.31,2949.48,2372.46,0.69,0.7,2372.46,2949.48
2026-01-02T19:26:43.044359-05:00,0.3,0.32,2937.85,2570.45,0.68,0.7,2570.45,2937.85
2026-01-02T19:26:44.042653-05:00,0.31,0.32,2284.87,2276.55,0.68,0.69,2276.55,2284.87
2026-01-02T19:26:45.043143-05:00,0.3,0.31,3199.3,2352.88,0.69,0.7,2352.88,3199.3
2026-01-02T19:26:46.042820-05:00,0.28,0.29,4089.28,2469.71,0.71,0.72,2469.71,4089.28
2026-01-02T19:26:47.047421-05:00,0.28,0.31,3990.46,918.6,0.69,0.72,918.6,3990.46
2026-01-02T19:26:48.051579-05:00,0.4,0.41,1275.36,1527.99,0.59,0.6,1527.99,1275.36
2026-01-02T19:26:49.046503-05:00,0.41,0.42,1626.03,1035.15,0.58,0.59,1035.15,1626.03
2026-01-02T19:26:50.070701-05:00,0.48,0.5,1871.3799999999999,1945.53,0.5,0.52,1945.53,1871.3799999999999
2026-01-02T19:26:51.062842-05:00,0.46,0.47,1616.28,1293.08,0.53,0.54,1293.08,1616.28
2026-01-02T19:26:52.062671-05:00,0.45,0.46,2199.28,1077.08,0.54,0.55,1077.08,2199.28
2026-01-02T19:26:53.065980-05:00,0.46,0.47,2352.33,1051.18,0.53,0.54,1051.18,2352.33
2026-01-02T19:26:54.152769-05:00,0.47,0.48,2287.71,1459.38,0.52,0.53,1459.38,2287.71
2026-01-02T19:26:55.154155-05:00,0.46,0.48,2473.95,1486.67,0.52,0.54,1486.67,2473.95
2026-01-02T19:26:56.156023-05:00,0.47,0.48,2396.13,1427.83,0.52,0.53,1427.83,2396.13
2026-01-02T19:26:57.167663-05:00,0.46,0.48,2526.08,1534.74,0.52,0.54,1534.74,2526.08
2026-01-02T19:26:58.173464-05:00,0.46,0.47,2590.03,1263.56,0.53,0.54,1263.56,2590.03
2026-01-02T19:26:59.188838-05:00,0.46,0.48,2597.01,1549.4,0.52,0.54,1549.4,2597.01
2026-01-02T19:27:00.191817-05:00,0.45,0.48,2561.95,1511.67,0.52,0.55,1511.67,2561.95
2026-01-02T19:27:01.190077-05:00,0.46,0.47,2520.36,1107.43,0.53,0.54,1107.43,2520.36
2026-01-02T19:27:02.186155-05:00,0.44,0.45,2364.09,1555.3,0.55,0.56,1555.3,2364.09
2026-01-02T19:27:03.197105-05:00,0.44,0.45,2439.09,1492.52,0.55,0.56,1492.52,2439.09
2026-01-02T19:27:04.186303-05:00,0.4,0.45,576.18,1985.7,0.55,0.6,1985.7,576.18
2026-01-02T19:27:05.198274-05:00,0.29,0.31,3484.04,1828.06,0.69,0.71,1828.06,3484.04
2026-01-02T19:27:06.200119-05:00,0.29,0.33,3971.65,1488.52,0.67,0.71,1488.52,3971.65
2026-01-02T19:27:07.209485-05:00,0.31,0.32,2603.92,1141.68,0.68,0.69,1141.68,2603.92
2026-01-02T19:27:08.202884-05:00,0.3,0.31,3344.34,1023.83,0.69,0.7,1023.83,3344.34
2026-01-02T19:27:09.205149-05:00,0.29,0.3,3795.14,1116.82,0.7,0.71,1116.82,3795.14
2026-01-02T19:27:10.236999-05:00,0.29,0.3,2955.29,1142.35,0.7,0.71,1142.35,2955.29
2026-01-02T19:27:11.245211-05:00,0.29,0.3,2926.4900000000002,1132.06,0.7,0.71,1132.06,2926.4900000000002
2026-01-02T19:27:12.245433-05:00,0.29,0.3,2957.18,1112.08,0.7,0.71,1112.08,2957.18
2026-01-02T19:27:13.260345-05:00,0.29,0.3,2957.18,1112.08,0.7,0.71,1112.08,2957.18
2026-01-02T19:27:14.270960-05:00,0.29,0.3,3051.61,1070.93,0.7,0.71,1070.93,3051.61
2026-01-02T19:27:15.272132-05:00,0.28,0.29,3550.58,1097.61,0.71,0.72,1097.61,3550.58
2026-01-02T19:27:16.306111-05:00,0.25,0.26,2197.23,2407.21,0.74,0.75,2407.21,2197.23
2026-01-02T19:27:17.330533-05:00,0.24,0.25,2644.57,3073.94,0.75,0.76,3073.94,2644.57
2026-01-02T19:27:18.332966-05:00,0.24,0.25,2679.26,3007.54,0.75,0.76,3007.54,2679.26
2026-01-02T19:27:19.368024-05:00,0.22,0.23,3759.73,3336.52,0.77,0.78,3336.52,3759.73
2026-01-02T19:27:20.359123-05:00,0.21,0.22,4003.27,2831.38,0.78,0.79,2831.38,4003.27
2026-01-02T19:27:21.364317-05:00,0.2,0.22,4592.23,2792.33,0.78,0.8,2792.33,4592.23
2026-01-02T19:27:22.394203-05:00,0.21,0.22,4117.53,2911.11,0.78,0.79,2911.11,4117.53
2026-01-02T19:27:23.393704-05:00,0.21,0.22,4117.53,2911.11,0.78,0.79,2911.11,4117.53
2026-01-02T19:27:24.410340-05:00,0.22,0.23,3828.62,2725.83,0.77,0.78,2725.83,3828.62
2026-01-02T19:27:25.406349-05:00,0.2,0.21,4704.66,2555.49,0.79,0.8,2555.49,4704.66
2026-01-02T19:27:26.424807-05:00,0.2,0.21,4700.16,1921.6100000000001,0.79,0.8,1921.6100000000001,4700.16
2026-01-02T19:27:27.421950-05:00,0.2,0.21,4698.91,1968.18,0.79,0.8,1968.18,4698.91
2026-01-02T19:27:28.421569-05:00,0.2,0.22,4709.91,2015.82,0.78,0.8,2015.82,4709.91
2026-01-02T19:27:29.420083-05:00,0.2,0.21,4714.9,2041.6100000000001,0.79,0.8,2041.6100000000001,4714.9
2026-01-02T19:27:30.435725-05:00,0.2,0.21,4553.77,1984.61,0.79,0.8,1984.61,4553.77
2026-01-02T19:27:31.452152-05:00,0.2,0.21,4701.02,2071.85,0.79,0.8,2071.85,4701.02
2026-01-02T19:27:32.450338-05:00,0.21,0.22,4401.13,1953.37,0.78,0.79,1953.37,4401.13
2026-01-02T19:27:33.451012-05:00,0.2,0.22,4758.72,2027.82,0.78,0.8,2027.82,4758.72
2026-01-02T19:27:34.470772-05:00,0.2,0.21,4840.86,2074.71,0.79,0.8,2074.71,4840.86
2026-01-02T19:27:35.478480-05:00,0.2,0.21,4846.86,1952.25,0.79,0.8,1952.25,4846.86
2026-01-02T19:27:36.465795-05:00,0.19,0.2,5305.26,2059.59,0.8,0.81,2059.59,5305.26
2026-01-02T19:27:37.475626-05:00,0.12,0.13,4357.57,3255.97,0.87,0.88,3255.97,4357.57
2026-01-02T19:27:38.491581-05:00,0.1,0.11,8137.4400000000005,2437.9700000000003,0.89,0.9,2437.9700000000003,8137.4400000000005
2026-01-02T19:27:39.483571-05:00,0.09,0.11,8521.57,2140.99,0.89,0.91,2140.99,8521.57
2026-01-02T19:27:40.495747-05:00,0.08,0.09,8076.16,1650.97,0.91,0.92,1650.97,8076.16
2026-01-02T19:27:41.527623-05:00,0.09,0.1,8140.650000000001,2443.66,0.9,0.91,2443.66,8140.650000000001
2026-01-02T19:27:42.559226-05:00,0.08,0.1,8153.150000000001,2581.23,0.9,0.92,2581.23,8153.150000000001
2026-01-02T19:27:43.568142-05:00,0.1,0.11,8277.97,3819.8199999999997,0.89,0.9,3819.8199999999997,8277.97
2026-01-02T19:27:44.570999-05:00,0.07,0.09,7930.34,2609.42,0.91,0.93,2609.42,7930.34
2026-01-02T19:27:45.557561-05:00,0.06,0.08,7946.26,2362.7599999999998,0.92,0.94,2362.7599999999998,7946.26
2026-01-02T19:27:46.583498-05:00,0.06,0.07,7969.2300000000005,2007.97,0.93,0.94,2007.97,7969.2300000000005
2026-01-02T19:27:47.593666-05:00,0.06,0.09,7936.64,3134.77,0.91,0.94,3134.77,7936.64
2026-01-02T19:27:48.616803-05:00,0.06,0.09,7884.120000000001,2505.01,0.91,0.94,2505.01,7884.120000000001
2026-01-02T19:27:49.655635-05:00,0.07,0.09,7786.01,2414.23,0.91,0.93,2414.23,7786.01
2026-01-02T19:27:50.654407-05:00,0.06,0.08,7905.4400000000005,2142.84,0.92,0.94,2142.84,7905.4400000000005
2026-01-02T19:27:51.688001-05:00,0.08,0.09,7995.83,2461.84,0.91,0.92,2461.84,7995.83
2026-01-02T19:27:52.697754-05:00,0.08,0.09,8284.74,2455.61,0.91,0.92,2455.61,8284.74
2026-01-02T19:27:53.702166-05:00,0.08,0.09,8085.74,2371.34,0.91,0.92,2371.34,8085.74
2026-01-02T19:27:54.711221-05:00,0.08,0.09,8004.3,2399.11,0.91,0.92,2399.11,8004.3
2026-01-02T19:27:55.932298-05:00,0.08,0.09,8296.37,2740.54,0.91,0.92,2740.54,8296.37
2026-01-02T19:27:57.146777-05:00,0.08,0.09,8404.17,2972.31,0.91,0.92,2972.31,8404.17
2026-01-02T19:27:58.174642-05:00,0.07,0.09,8399.51,2893.31,0.91,0.93,2893.31,8399.51
2026-01-02T19:27:59.170990-05:00,0.06,0.07,8146.51,2474.39,0.93,0.94,2474.39,8146.51
2026-01-02T19:28:00.170005-05:00,0.06,0.08,8172.46,2541.41,0.92,0.94,2541.41,8172.46
2026-01-02T19:28:01.166786-05:00,0.06,0.08,8451.58,2427.13,0.92,0.94,2427.13,8451.58
2026-01-02T19:28:02.169552-05:00,0.07,0.08,7880.98,3450.13,0.92,0.93,3450.13,7880.98
2026-01-02T19:28:03.176275-05:00,0.09,0.1,9339.65,1575.1999999999998,0.9,0.91,1575.1999999999998,9339.65
2026-01-02T19:28:04.172705-05:00,0.08,0.09,9397.64,1513.6399999999999,0.91,0.92,1513.6399999999999,9397.64
2026-01-02T19:28:05.188936-05:00,0.08,0.09,9398.97,1615.99,0.91,0.92,1615.99,9398.97
2026-01-02T19:28:06.192352-05:00,0.08,0.11,9430.39,2012.87,0.89,0.92,2012.87,9430.39
2026-01-02T19:28:07.182308-05:00,0.1,0.11,10325.97,2256.87,0.89,0.9,2256.87,10325.97
2026-01-02T19:28:08.193239-05:00,0.12,0.13,3973.62,2508.35,0.87,0.88,2508.35,3973.62
2026-01-02T19:28:09.258993-05:00,0.12,0.13,4337.52,2188.61,0.87,0.88,2188.61,4337.52
2026-01-02T19:28:10.293146-05:00,0.12,0.13,4310.37,2435.61,0.87,0.88,2435.61,4310.37
2026-01-02T19:28:11.309523-05:00,0.12,0.13,4382.05,2063.44,0.87,0.88,2063.44,4382.05
2026-01-02T19:28:12.309112-05:00,0.11,0.12,6340.03,2129.3,0.88,0.89,2129.3,6340.03
2026-01-02T19:28:13.326506-05:00,0.12,0.13,7104.7300000000005,2096.71,0.87,0.88,2096.71,7104.7300000000005
2026-01-02T19:28:14.355640-05:00,0.12,0.13,4743.59,2127.14,0.87,0.88,2127.14,4743.59
2026-01-02T19:28:15.360818-05:00,0.11,0.12,7257.01,2392.39,0.88,0.89,2392.39,7257.01
2026-01-02T19:28:16.370463-05:00,0.11,0.18,6850.110000000001,2777.7999999999997,0.82,0.89,2777.7999999999997,6850.110000000001
2026-01-02T19:28:17.400949-05:00,0.11,0.12,6898.41,1910.5,0.88,0.89,1910.5,6898.41
2026-01-02T19:28:18.449550-05:00,0.11,0.12,6847.41,1699.71,0.88,0.89,1699.71,6847.41
2026-01-02T19:28:19.540068-05:00,0.12,0.17,4944.36,2077.2,0.83,0.88,2077.2,4944.36
2026-01-02T19:28:20.542302-05:00,0.15,0.16,3186.63,1643.66,0.84,0.85,1643.66,3186.63
2026-01-02T19:28:21.542521-05:00,0.23,0.24,1872.95,2324.18,0.76,0.77,2324.18,1872.95
2026-01-02T19:28:22.549747-05:00,0.23,0.24,2135.74,575.26,0.76,0.77,575.26,2135.74
2026-01-02T19:28:23.542420-05:00,0.24,0.25,2358.48,485.0,0.75,0.76,485.0,2358.48
2026-01-02T19:28:24.543088-05:00,0.27,0.28,2231.55,623.0699999999999,0.72,0.73,623.0699999999999,2231.55
2026-01-02T19:28:25.542387-05:00,0.26,0.28,2355.0,714.0,0.72,0.74,714.0,2355.0
2026-01-02T19:28:26.556459-05:00,0.25,0.28,2793.6,755.0,0.72,0.75,755.0,2793.6
2026-01-02T19:28:27.548192-05:00,0.25,0.26,1817.98,809.61,0.74,0.75,809.61,1817.98
2026-01-02T19:28:28.546285-05:00,0.24,0.25,2166.28,831.0,0.75,0.76,831.0,2166.28
2026-01-02T19:28:29.548278-05:00,0.23,0.33,2411.61,1943.39,0.67,0.77,1943.39,2411.61
2026-01-02T19:28:30.580643-05:00,0.26,0.28,1178.27,1311.9,0.72,0.74,1311.9,1178.27
2026-01-02T19:28:31.576861-05:00,0.23,0.26,1486.01,1693.35,0.74,0.77,1693.35,1486.01
2026-01-02T19:28:32.578269-05:00,0.24,0.25,1522.01,1607.7,0.75,0.76,1607.7,1522.01
2026-01-02T19:28:33.596409-05:00,0.24,0.25,1628.01,1468.17,0.75,0.76,1468.17,1628.01
2026-01-02T19:28:34.602304-05:00,0.27,0.28,1181.36,1804.41,0.72,0.73,1804.41,1181.36
2026-01-02T19:28:35.589193-05:00,0.23,0.27,2342.68,1639.8,0.73,0.77,1639.8,2342.68
2026-01-02T19:28:36.593851-05:00,0.25,0.26,1907.68,1762.4099999999999,0.74,0.75,1762.4099999999999,1907.68
2026-01-02T19:28:37.611316-05:00,0.23,0.24,1855.68,1470.8,0.76,0.77,1470.8,1855.68
2026-01-02T19:28:38.618930-05:00,0.22,0.24,2056.68,1492.87,0.76,0.78,1492.87,2056.68
2026-01-02T19:28:39.607989-05:00,0.21,0.22,2488.71,1289.69,0.78,0.79,1289.69,2488.71
2026-01-02T19:28:40.605077-05:00,0.21,0.22,2406.25,1387.2,0.78,0.79,1387.2,2406.25
2026-01-02T19:28:41.647297-05:00,0.2,0.21,2761.85,1150.26,0.79,0.8,1150.26,2761.85
2026-01-02T19:28:42.636314-05:00,0.2,0.21,2678.4,916.6899999999999,0.79,0.8,916.6899999999999,2678.4
2026-01-02T19:28:43.647767-05:00,0.18,0.19,2639.59,1284.57,0.81,0.82,1284.57,2639.59
2026-01-02T19:28:44.636577-05:00,0.17,0.18,744.0799999999999,1733.21,0.82,0.83,1733.21,744.0799999999999
2026-01-02T19:28:45.641297-05:00,0.17,0.18,1242.28,1482.68,0.82,0.83,1482.68,1242.28
2026-01-02T19:28:46.636200-05:00,0.16,0.18,1319.69,1618.69,0.82,0.84,1618.69,1319.69
2026-01-02T19:28:47.641823-05:00,0.15,0.17,1829.6299999999999,1674.6,0.83,0.85,1674.6,1829.6299999999999
2026-01-02T19:28:48.636469-05:00,0.13,0.14,2883.07,1674.82,0.86,0.87,1674.82,2883.07
2026-01-02T19:28:49.694258-05:00,0.13,0.15,2965.07,1243.49,0.85,0.87,1243.49,2965.07
2026-01-02T19:28:50.683901-05:00,0.12,0.14,3597.13,1296.46,0.86,0.88,1296.46,3597.13
2026-01-02T19:28:51.689639-05:00,0.11,0.14,6328.04,1364.59,0.86,0.89,1364.59,6328.04
2026-01-02T19:28:52.700294-05:00,0.14,0.15,3003.67,1361.8899999999999,0.85,0.86,1361.8899999999999,3003.67
2026-01-02T19:28:53.704737-05:00,0.11,0.15,6357.57,1387.35,0.85,0.89,1387.35,6357.57
2026-01-02T19:28:54.725788-05:00,0.11,0.14,6362.57,1247.46,0.86,0.89,1247.46,6362.57
2026-01-02T19:28:55.719990-05:00,0.07,0.09,9398.92,2786.2400000000002,0.91,0.93,2786.2400000000002,9398.92
2026-01-02T19:28:56.719519-05:00,0.06,0.11,8956.890000000001,3316.94,0.89,0.94,3316.94,8956.890000000001
2026-01-02T19:28:57.723692-05:00,0.06,0.09,8871.65,2586.12,0.91,0.94,2586.12,8871.65
2026-01-02T19:28:58.773146-05:00,0.06,0.09,8945.1,2683.0,0.91,0.94,2683.0,8945.1
2026-01-02T19:28:59.781571-05:00,0.03,0.08,8169.660000000001,2540.09,0.92,0.97,2540.09,8169.660000000001
2026-01-02T19:29:00.783571-05:00,0.03,0.08,7612.46,1614.69,0.92,0.97,1614.69,7612.46
2026-01-02T19:29:01.777775-05:00,0.02,0.04,7408.610000000001,1166.29,0.96,0.98,1166.29,7408.610000000001
2026-01-02T19:29:02.799995-05:00,0.03,0.04,6991.16,1301.87,0.96,0.97,1301.87,6991.16
2026-01-02T19:29:03.797224-05:00,0.02,0.05,6448.95,1618.69,0.95,0.98,1618.69,6448.95
2026-01-02T19:29:04.809916-05:00,0.02,0.05,6474.1,1720.39,0.95,0.98,1720.39,6474.1
2026-01-02T19:29:05.945291-05:00,0.02,0.03,6266.860000000001,278.28,0.97,0.98,278.28,6266.860000000001
2026-01-02T19:29:06.932197-05:00,0.02,0.03,6483.93,292.66,0.97,0.98,292.66,6483.93
2026-01-02T19:29:07.943516-05:00,0.03,0.21,6889.18,734.05,0.79,0.97,734.05,6889.18
2026-01-02T19:29:09.000053-05:00,0.26,0.27,1908.49,285.65,0.73,0.74,285.65,1908.49
2026-01-02T19:29:10.016940-05:00,0.21,0.33,1843.32,438.51,0.67,0.79,438.51,1843.32
2026-01-02T19:29:11.014009-05:00,0.18,0.21,1806.91,619.8199999999999,0.79,0.82,619.8199999999999,1806.91
2026-01-02T19:29:12.026628-05:00,0.19,0.24,1803.18,577.98,0.76,0.81,577.98,1803.18
2026-01-02T19:29:13.035197-05:00,0.17,0.19,2226.49,572.6,0.81,0.83,572.6,2226.49
2026-01-02T19:29:14.271135-05:00,0.18,0.19,2472.08,214.98,0.81,0.82,214.98,2472.08
2026-01-02T19:29:15.272748-05:00,0.19,0.22,2565.43,259.98,0.78,0.81,259.98,2565.43
2026-01-02T19:29:16.264646-05:00,0.16,0.18,2629.09,329.45,0.82,0.84,329.45,2629.09
2026-01-02T19:29:17.269433-05:00,0.17,0.18,2444.09,316.24,0.82,0.83,316.24,2444.09
2026-01-02T19:29:18.264677-05:00,0.18,0.21,2518.95,571.98,0.79,0.82,571.98,2518.95
2026-01-02T19:29:19.266241-05:00,0.18,0.21,2489.65,564.74,0.79,0.82,564.74,2489.65
2026-01-02T19:29:20.262421-05:00,0.16,0.2,2508.79,229.67000000000002,0.8,0.84,229.67000000000002,2508.79
2026-01-02T19:29:21.271714-05:00,0.17,0.18,2619.04,227.84,0.82,0.83,227.84,2619.04
2026-01-02T19:29:22.260982-05:00,0.18,0.19,2573.16,408.2,0.81,0.82,408.2,2573.16
2026-01-02T19:29:23.276730-05:00,0.16,0.2,1733.6,522.7,0.8,0.84,522.7,1733.6
2026-01-02T19:29:24.286630-05:00,0.13,0.21,2158.96,302.22,0.79,0.87,302.22,2158.96
2026-01-02T19:29:25.302136-05:00,0.13,0.18,2265.46,388.02,0.82,0.87,388.02,2265.46
2026-01-02T19:29:26.309786-05:00,0.14,0.16,1997.74,408.5,0.84,0.86,408.5,1997.74
2026-01-02T19:29:27.323938-05:00,0.13,0.14,2261.67,715.5,0.86,0.87,715.5,2261.67
2026-01-02T19:29:28.325859-05:00,0.17,0.18,1648.98,770.72,0.82,0.83,770.72,1648.98
2026-01-02T19:29:29.371746-05:00,0.13,0.18,2014.98,632.16,0.82,0.87,632.16,2014.98
2026-01-02T19:29:30.370550-05:00,0.13,0.17,2359.69,663.62,0.83,0.87,663.62,2359.69
2026-01-02T19:29:31.371323-05:00,0.13,0.17,2373.15,690.22,0.83,0.87,690.22,2373.15
2026-01-02T19:29:32.483364-05:00,0.15,0.17,1935.93,409.7,0.83,0.85,409.7,1935.93
2026-01-02T19:29:33.521907-05:00,0.11,0.17,7841.57,302.5,0.83,0.89,302.5,7841.57
2026-01-02T19:29:34.748921-05:00,0.19,0.22,942.4200000000001,356.92,0.78,0.81,356.92,942.4200000000001
2026-01-02T19:29:35.834412-05:00,0.19,0.21,789.0400000000001,312.62,0.79,0.81,312.62,789.0400000000001
2026-01-02T19:29:36.894475-05:00,0.19,0.23,759.65,650.62,0.77,0.81,650.62,759.65
2026-01-02T19:29:37.896292-05:00,0.18,0.2,939.23,331.62,0.8,0.82,331.62,939.23
2026-01-02T19:29:38.902240-05:00,0.16,0.19,1442.43,465.62,0.81,0.84,465.62,1442.43
2026-01-02T19:29:39.912987-05:00,0.15,0.2,1239.88,687.01,0.8,0.85,687.01,1239.88
2026-01-02T19:29:40.925730-05:00,0.14,0.15,2054.37,798.28,0.85,0.86,798.28,2054.37
2026-01-02T19:29:41.980232-05:00,0.06,0.13,6853.2699999999995,934.07,0.87,0.94,934.07,6853.2699999999995
2026-01-02T19:29:42.979899-05:00,0.03,0.08,6848.34,653.5,0.92,0.97,653.5,6848.34
2026-01-02T19:29:43.979842-05:00,0.09,0.12,6733.63,397.02,0.88,0.91,397.02,6733.63
2026-01-02T19:29:44.982633-05:00,0.92,0.97,1154.72,7767.53,0.03,0.08,7767.53,1154.72
2026-01-02T19:29:46.013866-05:00,0.97,0.98,242.86,7370.91,0.02,0.03,7370.91,242.86
2026-01-02T19:29:47.012191-05:00,0.97,0.98,195.61,6718.03,0.02,0.03,6718.03,195.61
2026-01-02T19:29:48.020243-05:00,0.96,0.98,252.7,5963.139999999999,0.02,0.04,5963.139999999999,252.7
2026-01-02T19:29:49.014257-05:00,0.98,0.99,666.03,5206.41,0.01,0.02,5206.41,666.03
2026-01-02T19:29:50.038606-05:00,0.03,0.99,4999.46,4671.55,0.01,0.97,4671.55,4999.46
2026-01-02T19:29:51.048845-05:00,0.98,0.99,5200.05,4546.22,0.01,0.02,4546.22,5200.05
2026-01-02T19:29:52.048254-05:00,0.94,0.99,300.66,3683.96,0.01,0.06,3683.96,300.66
2026-01-02T19:29:53.059416-05:00,0.98,0.99,1292.0900000000001,2057.14,0.01,0.02,2057.14,1292.0900000000001
2026-01-02T19:29:54.079640-05:00,0.98,0.99,1320.4699999999998,1423.52,0.01,0.02,1423.52,1320.4699999999998
2026-01-02T19:29:55.100716-05:00,0.99,,814.0699999999999,0,,0.01,0,814.0699999999999
2026-01-02T19:29:56.137101-05:00,0.99,,1198.0,0,,0.01,0,1198.0
2026-01-02T19:29:57.150682-05:00,0.99,,3285.05,0,,0.01,0,3285.05
2026-01-02T19:29:58.216864-05:00,0.99,,2803.05,0,,0.01,0,2803.05
2026-01-02T19:29:59.245906-05:00,0.99,,2803.05,0,,0.01,0,2803.05
